NORAD_ID,TLE_LINE_1,TLE_LINE_2
28897,1 28897U 05043H   26242.14907575  .00001180  00000-0  18705-3 0  9994,2 28897  98.3033  41.7586 0012327 318.8945 100.0304 14.74120228105203
43656,1 43656U 18081B   26242.04647621  .00000167  00000-0  66196-4 0  9994,2 43656  99.3639 165.8409 0205515  54.1262 307.8810 14.31885259409877
12551,1 12551U 81021C   26241.76667612 -.00000094  00000-0 -24513-5 0  9997,2 12551  64.9674  20.0580 0045959 200.6324 159.2885 13.90551432311709
28632,1 28632U 05010D   26241.59062409  .00011017  00000-0  10294-2 0  9995,2 28632  47.3305 357.0614 4589263 267.6713  41.0873  6.35827306258176
37144,1 37144U 10041H   26239.53562655 -.00000018  00000-0 -30052-3 0  9998,2 37144  64.9161  66.8584 5615807 305.5569  14.1783  4.24864021108352
68293,1 68293U 26056C   26241.60693820  .00102600  00000-0  90709-3 0  9993,2 68293  50.2844 301.9007 0106720 322.6897  36.6698 15.60664163 25111
631,1 00631U 63030E   26239.43561870  .00000003  00000-0  00000-0 0  9991,2 00631  88.4400 213.4222 0157518  18.2634 342.3790  8.55875654971731
1318,1 01318U 65028B   26242.21482042  .00000017  00000-0  00000-0 0  9991,2 01318  17.4698 245.6981 6953794 188.7925 117.4876  2.11826657108896
8710,1 08710U 76019B   26242.00834249 -.00000042  00000-0  10945-4 0  9995,2 08710  69.6757  58.9147 0015335 241.1941 285.9616 13.69998669525185
24921,1 24921U 97047B   26242.31612104  .00000049  00000-0  44086-4 0  9998,2 24921  69.9688 244.6291 0019663 162.6717 292.5535 14.26585395508854
1616,1 01616U 65078B   26241.97692912  .00003766  00000-0  29615-3 0  9998,2 01616 144.2238 250.2440 0964151 288.8264  61.0381 13.38554444760600
23947,1 23947U 96038C   26240.41476431  .00000319  00000-0  11470-3 0  9994,2 23947  55.3111 175.2421 4989541 243.7031  57.4662  5.57406454144600
41192,1 41192U 15082B   26241.59487477 -.00000031  00000-0  00000-0 0  9994,2 41192  23.0269  59.0939 6008344 198.1354 124.7518  2.16569765 84504
29650,1 29650U 06056C   26240.19971753 -.00000149  00000-0  00000-0 0  9990,2 29650  16.7283  74.6685 4984376 271.5969 341.0759  1.86163735133913
22693,1 22693U 93038G   26242.20856428  .00000032  00000-0  12975-3 0  9998,2 22693  82.5864 303.1367 0046409 157.2750 257.9719 12.54835816520303
17912,1 17912U 87038B   26242.15810846  .00000315  00000-0  33652-4 0  9997,2 17912  82.5025 133.4053 0018116 314.8119  45.1624 14.85489262104980
11267,1 11267U 79011B   26242.21402936  .00000333  00000-0  30230-4 0  9999,2 11267  82.5230 291.9083 0015586 192.1276 167.9571 14.92069483554651
31123,1 31123U 07012G   26242.30663844  .00000099  00000-0  47828-4 0  9991,2 31123  98.0082  79.5739 0309170 189.1793 344.6561 14.13536845998686
54032,1 54032U 22130B   26217.62013049 -.00000053  00000-0  00000+0 0  9993,2 54032  64.2407 313.8212 0027808 176.9737 183.0879  2.11046372 29434
41555,1 41555U 16032B   26241.93931835  .00000047  00000-0  00000-0 0  9999,2 41555  63.7051 194.6861 0080463 118.2000 242.5945  2.08091390 77931
9482,1 09482U 76102B   26242.11210450 -.00000015  00000-0 -16021-4 0  9991,2 09482  81.2541  98.2909 0082315  37.9874 322.7061 14.08003906560429
27716,1 27716U 03013C   26242.19012031 -.00000099  00000-0 -27227-2 0  9995,2 27716   0.7793 188.8581 7076034 106.2430 140.2341  2.24037399191491
32389,1 32389U 07063C   26242.12147923 -.00000151  00000-0 -81864-3 0  9995,2 32389   5.7361  73.0463 7125774  50.6590 353.5692  2.30596745157456
23867,1 23867U 96030D   26242.17350240  .00001216  00000-0  12852-2 0  9992,2 23867   3.8930 232.0390 6546493 164.0997 234.6919  3.18650945301237
13758,1 13758U 83001B   26242.30235643  .00000055  00000-0  38860-4 0  9997,2 13758  82.9127 310.7992 0025885 269.8437  89.9755 13.79192967194600
14451,1 14451U 83108B   26242.29139556  .00000029  00000-0  13408-4 0  9992,2 14451  82.9313 183.1627 0032941  23.9710 336.2973 13.78379932153882
5730,1 05730U 71119B   26242.29311445  .00005712  00000-0  29395-3 0  9995,2 05730  73.8847 210.4843 0539268 141.3854 222.7194 14.40211241680466
3131,1 03131U 68011B   26241.73220860  .00000014  00000-0  84634-4 0  9991,2 03131  74.0540   2.1121 0014417 193.9696 166.0996 13.18036811815044
15625,1 15625U 85023J   26242.25454118  .00000051  00000-0  61724-3 0  9992,2 15625  74.0543 288.5896 0146824 328.3025  92.9314 12.19916554725654
17360,1 17360U 87009B   26242.23295572  .00000002  00000-0 -13983-4 0  9993,2 17360  82.9163 282.1566 0033101 149.9559 279.1757 13.77066480988496
1863,1 01863U 65108A   26242.00950187  .00001792  00000-0  95951-3 0  9995,2 01863  26.7455 164.9794 5989144 208.4171  98.8434  4.00450102371320
39236,1 39236U 13044D   26242.05112409  .00035911  00000-0  57214-2 0  9993,2 39236   3.5363 142.3671 5587340  89.9510 330.4902  4.68128466187892
39511,1 39511U 14006D   26241.94005615  .00059785  00000-0  51217-2 0  9997,2 39511   5.7906 331.8964 4980480  16.7170 355.0843  5.70054611170383
17873,1 17873U 79035E   26241.88987273 -.00000156  00000-0  00000+0 0  9999,2 17873   5.0391 281.1781 0027163 257.4789 101.6226  1.00191547185904
28627,1 28627U 05008B   26242.04713739 -.00000013  00000-0  00000-0 0  9993,2 28627   1.0969  22.5256 6557742 242.3197  39.2582  2.13876618168026
23739,1 23739U 95068F   26218.09252670  .00000106  00000-0  00000+0 0  9998,2 23739  65.4775 200.0457 0012552 195.9651 340.8419  2.13375454238757
39679,1 39679U 14021B   26242.17300637  .00017089  00000-0  33345-3 0  9991,2 39679  51.6043 207.9418 0088479  18.1474 342.2636 15.43410438683036
57655,1 57655U 23123B   26242.23911569  .00011352  00000-0  26285-3 0  9999,2 57655  97.9770 239.1970 0055403 169.1427 191.1028 15.41005755168478
32295,1 32295U 07056C   26241.93929500  .00005548  00000-0  62958-3 0  9996,2 32295   5.9548 127.4959 6706223 264.5683  21.7606  3.05605086176853
40273,1 40273U 14062C   26241.44419157  .00006306  00000-0  10740-2 0  9998,2 40273   6.5258   8.2907 6950462 105.8200 335.6798  2.71575227106015
26381,1 26381U 00031D   26241.57380987  .00000076  00000-0  00000+0 0  9998,2 26381  14.6408   2.7988 0010192 119.9900 280.8713  0.99437413 95048
43084,1 43084U 17085D   26241.95582887  .00015934  00000-0  36524-3 0  9992,2 43084  34.6582 120.1766 0049038  27.9045 332.4285 15.40535900480026
10025,1 10025U 77041B   26239.69793745 -.00000097  00000-0 -10301-2 0  9994,2 10025  21.3931 232.2485 7177109 176.3514 357.6631  2.22887494399552
25502,1 25502U 98058B   26241.93409252  .00008847  00000-0  12480-2 0  9997,2 25502  26.9680 156.6529 5653004 170.0345 209.2859  4.58656165396902
59344,1 59344U 24058B   26242.05648388  .00000006  00000-0  20055-4 0  9994,2 59344  98.7793 269.4195 0077331 300.2315  59.1226 14.28648198126512
40209,1 40209U 14055B   26241.98461011 -.00000076  00000-0  00000-0 0  9999,2 40209  20.2671 135.1265 4773727 180.1738 179.5595  1.85507109383903
23637,1 23637U 95040B   26241.62382779 -.00000184  00000-0 -73771-3 0  9991,2 23637   4.6071 312.3009 7200118  62.5375 343.4419  2.18791837248183
41587,1 41587U 16037B   26241.62603926  .00048404  00000-0  12220-2 0  9990,2 41587  19.4049  21.5039 5651854   2.0088 359.4730  4.66709487119021
54698,1 54698U 22168C   22345.32368031  .00002049 -64822-5  00000-0 0  9996,2 54698  29.0000  41.2312 0098300  59.8200  27.0300 16.15592824    07
5397,1 05397U 71067B   26242.02265656  .00000081  00000-0  30399-4 0  9990,2 05397  87.6229  53.4670 0079676 305.8607  53.5200 14.18245712844915
