norad_id,track_id,period_sec,downloaded_products
1863,5142173,1.49,5142173_L.png;5142173_S.png;5142173_D.png;5142173_P.png;5142173_F.png;5142173_R.png;5142173_M.png;5142173_P.png
1863,10198570,1.5,10198570_L.png;10198570_S.png;10198570_D.png;10198570_P.png;10198570_F.png;10198570_R.png;10198570_M.png;10198570_P.png
1863,10232132,1.5,10232132_L.png;10232132_S.png;10232132_D.png;10232132_P.png;10232132_F.png;10232132_R.png;10232132_M.png;10232132_P.png
1863,10589004,1.51,10589004_L.png;10589004_S.png;10589004_D.png;10589004_P.png;10589004_F.png;10589004_R.png;10589004_M.png;10589004_P.png
1863,10596848,1.51,10596848_L.png;10596848_S.png;10596848_D.png;10596848_P.png;10596848_F.png;10596848_R.png;10596848_M.png;10596848_P.png
1863,13093502,1.53,13093502_L.png;13093502_S.png;13093502_D.png;13093502_P.png;13093502_F.png;13093502_R.png;13093502_M.png;13093502_P.png
1863,13109323,1.53,13109323_L.png;13109323_S.png;13109323_D.png;13109323_P.png;13109323_F.png;13109323_R.png;13109323_M.png;13109323_P.png
1863,13131661,1.53,13131661_L.png;13131661_S.png;13131661_D.png;13131661_P.png;13131661_F.png;13131661_R.png;13131661_M.png;13131661_P.png
1863,13194569,1.53,13194569_L.png;13194569_S.png;13194569_D.png;13194569_P.png;13194569_F.png;13194569_R.png;13194569_M.png;13194569_P.png
1863,13259133,1.53,13259133_L.png;13259133_S.png;13259133_D.png;13259133_P.png;13259133_F.png;13259133_R.png;13259133_M.png;13259133_P.png
1863,14217405,1.54,14217405_L.png;14217405_S.png;14217405_D.png;14217405_P.png;14217405_F.png;14217405_R.png;14217405_M.png;14217405_P.png
1863,16099640,1.55,16099640_L.png;16099640_S.png;16099640_D.png;16099640_P.png;16099640_F.png;16099640_R.png;16099640_M.png;16099640_P.png
1863,17124285,1.55,17124285_L.png;17124285_S.png;17124285_D.png;17124285_P.png;17124285_F.png;17124285_R.png;17124285_M.png;17124285_P.png
1863,18640465,1.56,18640465_L.png;18640465_S.png;18640465_D.png;18640465_P.png;18640465_F.png;18640465_R.png;18640465_M.png;18640465_P.png
1863,18645304,1.57,18645304_L.png;18645304_S.png;18645304_D.png;18645304_P.png;18645304_F.png;18645304_R.png;18645304_M.png;18645304_P.png
1863,19209878,1.57,19209878_L.png;19209878_S.png;19209878_D.png;19209878_P.png;19209878_F.png;19209878_R.png;19209878_M.png;19209878_P.png
1863,20420554,1.57,20420554_L.png;20420554_S.png;20420554_D.png;20420554_P.png;20420554_F.png;20420554_R.png;20420554_M.png;20420554_P.png
1863,20754789,1.58,20754789_L.png;20754789_S.png;20754789_D.png;20754789_P.png;20754789_F.png;20754789_R.png;20754789_M.png;20754789_P.png
1863,25465546,1.6,25465546_L.png;25465546_S.png;25465546_D.png;25465546_P.png;25465546_F.png;25465546_R.png;25465546_M.png;25465546_P.png
1863,25589793,1.6,25589793_L.png;25589793_S.png;25589793_D.png;25589793_P.png;25589793_F.png;25589793_R.png;25589793_M.png;25589793_P.png
1863,25750305,1.6,25750305_L.png;25750305_S.png;25750305_D.png;25750305_P.png;25750305_F.png;25750305_R.png;25750305_M.png;25750305_P.png
1863,26064192,1.6,26064192_L.png;26064192_S.png;26064192_D.png;26064192_P.png;26064192_F.png;26064192_R.png;26064192_M.png;26064192_P.png
1863,26077728,1.6,26077728_L.png;26077728_S.png;26077728_D.png;26077728_P.png;26077728_F.png;26077728_R.png;26077728_M.png;26077728_P.png
1863,26584465,1.6,26584465_L.png;26584465_S.png;26584465_D.png;26584465_P.png;26584465_F.png;26584465_R.png;26584465_M.png;26584465_P.png
1863,26631424,1.6,26631424_L.png;26631424_S.png;26631424_D.png;26631424_P.png;26631424_F.png;26631424_R.png;26631424_M.png;26631424_P.png
1863,26648669,1.6,26648669_L.png;26648669_S.png;26648669_D.png;26648669_P.png;26648669_F.png;26648669_R.png;26648669_M.png;26648669_P.png
1863,26948220,1.6,26948220_L.png;26948220_S.png;26948220_D.png;26948220_P.png;26948220_F.png;26948220_R.png;26948220_M.png;26948220_P.png
1863,27657385,1.6,27657385_L.png;27657385_S.png;27657385_D.png;27657385_P.png;27657385_F.png;27657385_R.png;27657385_M.png;27657385_P.png
1863,28095156,1.6,28095156_L.png;28095156_S.png;28095156_D.png;28095156_P.png;28095156_F.png;28095156_R.png;28095156_M.png;28095156_P.png
1863,28137412,1.6,28137412_L.png;28137412_S.png;28137412_D.png;28137412_P.png;28137412_F.png;28137412_R.png;28137412_M.png;28137412_P.png
1863,28164500,1.6,28164500_L.png;28164500_S.png;28164500_D.png;28164500_P.png;28164500_F.png;28164500_R.png;28164500_M.png;28164500_P.png
1863,30225046,1.62,30225046_L.png;30225046_S.png;30225046_D.png;30225046_P.png;30225046_F.png;30225046_R.png;30225046_M.png;30225046_P.png
1863,31860181,1.62,31860181_L.png;31860181_S.png;31860181_D.png;31860181_P.png;31860181_F.png;31860181_R.png;31860181_M.png;31860181_P.png
1863,31938601,1.63,31938601_L.png;31938601_S.png;31938601_D.png;31938601_P.png;31938601_F.png;31938601_R.png;31938601_M.png;31938601_P.png
1863,32164168,1.63,32164168_L.png;32164168_S.png;32164168_D.png;32164168_P.png;32164168_F.png;32164168_R.png;32164168_M.png;32164168_P.png
